_id,name,phoneNumber,password,image,sex,lastDialog
5451150284365475,許典輝,0937997123,123456,img,Male,有加分嗎？
2978655431084744,陳向隆,094652813,123456,img,Male,qwq
1934773646847715,韓均偉,0958064463,123456,img,Male,祝你聖誕快樂！
1485990011087015,李怡盛,0958064345,123456,img,Female,你會過的啦放心
8934246435579016,蔡馥伃,0973981456,123456,img,None,有需要再叫我
8257679557013767,coco,0937997112,123456,img,Male,不用客氣！
2978655431084744,陳向隆,094652813,123456,img,Male,QAQ還錢啦
9488128152140258,測試註冊,0937997408,123456,img,Male,毫無智慧的人工智慧還能叫做AI嗎?
9488128152140257,林玫麗,0937997952,123456,img,Female,對不起你是個好人
9488128152140256,我是一條魚,0937997882,123456,img,Female,謝謝你